tier	fixture	n	m	k_floor	status	records	elapsed_s	summary
T1	copenhagen_fb_friends	800	6418	2	PASS	24	2.16	PASS copenhagen_fb_friends k=2 iters=9 components=13 records=24
T1	copenhagen_fb_friends	800	6418	3	PASS	19	2.1	PASS copenhagen_fb_friends k=3 iters=8 components=9 records=19
T1	copenhagen_fb_friends	800	6418	5	PASS	13	2.12	PASS copenhagen_fb_friends k=5 iters=6 components=5 records=13
T1	product_space_HS	866	2532	2	PASS	31	2.15	PASS product_space_HS k=2 iters=8 components=21 records=31
T1	product_space_HS	866	2532	3	PASS	20	2.09	PASS product_space_HS k=3 iters=7 components=11 records=20
T1	product_space_HS	866	2532	5	PASS	12	2.09	PASS product_space_HS k=5 iters=5 components=5 records=12
T1	dnc	906	10429	2	PASS	41	2.18	PASS dnc k=2 iters=12 components=27 records=41
T1	dnc	906	10429	3	PASS	32	2.12	PASS dnc k=3 iters=11 components=19 records=32
T1	dnc	906	10429	5	PASS	20	2.0	PASS dnc k=5 iters=9 components=9 records=20
T1	euroroad	1174	1417	2	PASS	7	1.94	PASS euroroad k=2 iters=2 components=3 records=7
T1	euroroad	1174	1417	3	PASS	3	1.98	PASS euroroad k=3 iters=1 components=0 records=3
T1	euroroad	1174	1417	5	PASS	3	1.94	PASS euroroad k=5 iters=1 components=0 records=3
T1	facebook_organizations_M1	1429	19357	2	PASS	41	2.15	PASS facebook_organizations_M1 k=2 iters=13 components=26 records=41
T1	facebook_organizations_M1	1429	19357	3	PASS	35	2.05	PASS facebook_organizations_M1 k=3 iters=12 components=21 records=35
T1	facebook_organizations_M1	1429	19357	5	PASS	23	2.08	PASS facebook_organizations_M1 k=5 iters=10 components=11 records=23
T1	netscience	1461	2742	2	PASS	219	2.0	PASS netscience k=2 iters=10 components=207 records=219
T1	netscience	1461	2742	3	PASS	115	1.95	PASS netscience k=3 iters=9 components=104 records=115
T1	netscience	1461	2742	5	PASS	35	1.91	PASS netscience k=5 iters=7 components=26 records=35
T1	new_zealand_collab	1511	4273	2	PASS	51	2.01	PASS new_zealand_collab k=2 iters=7 components=42 records=51
T1	new_zealand_collab	1511	4273	3	PASS	28	2.01	PASS new_zealand_collab k=3 iters=6 components=20 records=28
T1	new_zealand_collab	1511	4273	5	PASS	9	1.94	PASS new_zealand_collab k=5 iters=4 components=3 records=9
T1	collins_yeast	1622	9070	2	PASS	139	1.99	PASS collins_yeast k=2 iters=18 components=119 records=139
T1	collins_yeast	1622	9070	3	PASS	95	2.12	PASS collins_yeast k=3 iters=17 components=76 records=95
T1	collins_yeast	1622	9070	5	PASS	58	2.06	PASS collins_yeast k=5 iters=15 components=41 records=58
T1	bible_nouns	1773	9131	2	PASS	146	2.01	PASS bible_nouns k=2 iters=11 components=133 records=146
T1	bible_nouns	1773	9131	3	PASS	61	1.98	PASS bible_nouns k=3 iters=10 components=49 records=61
T1	bible_nouns	1773	9131	5	PASS	29	1.97	PASS bible_nouns k=5 iters=8 components=19 records=29
T1	interactome_yeast	1846	2203	2	PASS	25	2.01	PASS interactome_yeast k=2 iters=5 components=18 records=25
T1	interactome_yeast	1846	2203	3	PASS	12	1.96	PASS interactome_yeast k=3 iters=4 components=6 records=12
T1	interactome_yeast	1846	2203	5	PASS	5	1.93	PASS interactome_yeast k=5 iters=2 components=1 records=5
T1	drosophila_flybi	2906	8569	2	PASS	17	2.13	PASS drosophila_flybi k=2 iters=6 components=9 records=17
T1	drosophila_flybi	2906	8569	3	PASS	11	2.14	PASS drosophila_flybi k=3 iters=5 components=4 records=11
T1	drosophila_flybi	2906	8569	5	PASS	9	2.1	PASS drosophila_flybi k=5 iters=4 components=3 records=9
T2	arxiv_authors_HepTh	9875	25973	2	PASS	513	3.05	PASS arxiv_authors_HepTh k=2 iters=13 components=498 records=513
T2	arxiv_authors_HepTh	9875	25973	3	PASS	212	2.25	PASS arxiv_authors_HepTh k=3 iters=12 components=198 records=212
T2	arxiv_authors_HepTh	9875	25973	5	PASS	53	2.25	PASS arxiv_authors_HepTh k=5 iters=10 components=41 records=53
T2	arxiv_authors_HepTh	9875	25973	8	PASS	18	2.14	PASS arxiv_authors_HepTh k=8 iters=7 components=9 records=18
T2	arxiv_authors_HepTh	9875	25973	10	PASS	11	2.13	PASS arxiv_authors_HepTh k=10 iters=5 components=4 records=11
T2	sp_infectious	10972	44517	2	PASS	740	2.54	PASS sp_infectious k=2 iters=18 components=720 records=740
T2	sp_infectious	10972	44517	3	PASS	460	2.49	PASS sp_infectious k=3 iters=17 components=441 records=460
T2	sp_infectious	10972	44517	5	PASS	212	2.44	PASS sp_infectious k=5 iters=15 components=195 records=212
T2	sp_infectious	10972	44517	8	PASS	84	2.39	PASS sp_infectious k=8 iters=12 components=70 records=84
T2	sp_infectious	10972	44517	10	PASS	56	2.31	PASS sp_infectious k=10 iters=10 components=44 records=56
T2	arxiv_authors_HepPh	12006	118489	2	PASS	604	3.3	PASS arxiv_authors_HepPh k=2 iters=41 components=561 records=604
T2	arxiv_authors_HepPh	12006	118489	3	PASS	306	3.36	PASS arxiv_authors_HepPh k=3 iters=40 components=264 records=306
T2	arxiv_authors_HepPh	12006	118489	5	PASS	176	3.39	PASS arxiv_authors_HepPh k=5 iters=38 components=136 records=176
T2	arxiv_authors_HepPh	12006	118489	8	PASS	117	3.3	PASS arxiv_authors_HepPh k=8 iters=35 components=80 records=117
T2	arxiv_authors_HepPh	12006	118489	10	PASS	99	3.31	PASS arxiv_authors_HepPh k=10 iters=33 components=64 records=99
T2	physics_collab_arXiv	14065	35175	2	PASS	1659	3.05	PASS physics_collab_arXiv k=2 iters=18 components=1639 records=1659
T2	physics_collab_arXiv	14065	35175	3	PASS	831	2.94	PASS physics_collab_arXiv k=3 iters=17 components=812 records=831
T2	physics_collab_arXiv	14065	35175	5	PASS	209	2.68	PASS physics_collab_arXiv k=5 iters=15 components=192 records=209
T2	physics_collab_arXiv	14065	35175	8	PASS	55	2.67	PASS physics_collab_arXiv k=8 iters=12 components=41 records=55
T2	physics_collab_arXiv	14065	35175	10	PASS	36	2.59	PASS physics_collab_arXiv k=10 iters=10 components=24 records=36
T3	internet_as	22963	48436	2	PASS	40	2.56	PASS internet_as k=2 iters=5 components=33 records=40
T3	internet_as	22963	48436	3	PASS	15	2.6	PASS internet_as k=3 iters=4 components=9 records=15
T3	internet_as	22963	48436	5	PASS	5	2.43	PASS internet_as k=5 iters=2 components=1 records=5
T3	internet_as	22963	48436	8	PASS	5	2.53	PASS internet_as k=8 iters=2 components=1 records=5
T3	internet_as	22963	48436	10	PASS	5	2.4	PASS internet_as k=10 iters=2 components=1 records=5
T3	arxiv_authors_CondMat	23133	93439	2	PASS	1473	3.93	PASS arxiv_authors_CondMat k=2 iters=20 components=1451 records=1473
T3	arxiv_authors_CondMat	23133	93439	3	PASS	729	3.72	PASS arxiv_authors_CondMat k=3 iters=19 components=708 records=729
T3	arxiv_authors_CondMat	23133	93439	5	PASS	227	3.51	PASS arxiv_authors_CondMat k=5 iters=17 components=208 records=227
T3	arxiv_authors_CondMat	23133	93439	8	PASS	88	3.39	PASS arxiv_authors_CondMat k=8 iters=14 components=72 records=88
T3	arxiv_authors_CondMat	23133	93439	10	PASS	55	3.19	PASS arxiv_authors_CondMat k=10 iters=12 components=41 records=55
